product_id,category_id,brand_id
PR001,CG003,BR039
PR002,CG009,BR096
PR003,CG001,BR033
PR004,CG005,BR035
PR005,CG002,BR065
PR006,CG005,BR030
PR007,CG009,BR020
PR008,CG009,BR087
PR009,CG001,BR067
PR010,CG005,BR014
PR011,CG002,BR037
PR012,CG002,BR070
PR013,CG001,BR097
PR014,CG009,BR050
PR015,CG001,BR032
PR016,CG002,BR032
PR017,CG005,BR033
PR018,CG006,BR006
PR019,CG003,BR081
PR020,CG005,BR020
PR021,CG006,BR059
PR022,CG005,BR038
PR023,CG004,BR064
PR024,CG008,BR055
PR025,CG008,BR022
PR026,CG010,BR017
PR027,CG002,BR040
PR028,CG010,BR001
PR029,CG010,BR077
PR030,CG001,BR056
PR031,CG008,BR087
PR032,CG007,BR064
PR033,CG009,BR050
PR034,CG005,BR076
PR035,CG009,BR030
PR036,CG010,BR024
PR037,CG009,BR061
PR038,CG002,BR023
PR039,CG009,BR028
PR040,CG008,BR032
PR041,CG009,BR015
PR042,CG003,BR032
PR043,CG003,BR080
PR044,CG010,BR094
PR045,CG003,BR009
PR046,CG009,BR075
PR047,CG002,BR057
PR048,CG005,BR062
PR049,CG005,BR053
PR050,CG010,BR058
PR051,CG003,BR021
PR052,CG005,BR091
PR053,CG003,BR019
PR054,CG006,BR019
PR055,CG004,BR052
PR056,CG010,BR077
PR057,CG007,BR048
PR058,CG002,BR007
PR059,CG010,BR065
PR060,CG006,BR027
PR061,CG008,BR064
PR062,CG001,BR060
PR063,CG009,BR095
PR064,CG002,BR030
PR065,CG002,BR098
PR066,CG005,BR081
PR067,CG006,BR038
PR068,CG010,BR074
PR069,CG002,BR070
PR070,CG006,BR058
PR071,CG010,BR047
PR072,CG006,BR051
PR073,CG007,BR007
PR074,CG010,BR001
PR075,CG008,BR042
PR076,CG001,BR083
PR077,CG002,BR040
PR078,CG001,BR053
PR079,CG003,BR033
PR080,CG009,BR091
PR081,CG007,BR070
PR082,CG009,BR009
PR083,CG004,BR040
PR084,CG005,BR012
PR085,CG010,BR072
PR086,CG005,BR098
PR087,CG007,BR088
PR088,CG003,BR080
PR089,CG007,BR050
PR090,CG002,BR069
PR091,CG009,BR070
PR092,CG003,BR029
PR093,CG006,BR038
PR094,CG001,BR024
PR095,CG003,BR064
PR096,CG004,BR011
PR097,CG002,BR079
PR098,CG006,BR080
PR099,CG009,BR077
PR100,CG009,BR035
PR101,CG009,BR006
PR102,CG009,BR020
PR103,CG008,BR048
PR104,CG010,BR084
PR105,CG006,BR098
PR106,CG008,BR057
PR107,CG009,BR027
PR108,CG005,BR056
PR109,CG003,BR007
PR110,CG003,BR013
PR111,CG006,BR012
PR112,CG006,BR086
PR113,CG007,BR093
PR114,CG008,BR080
PR115,CG008,BR097
PR116,CG004,BR039
PR117,CG007,BR003
PR118,CG004,BR011
PR119,CG002,BR044
PR120,CG006,BR049
PR121,CG010,BR072
PR122,CG001,BR037
PR123,CG010,BR009
PR124,CG002,BR029
PR125,CG010,BR005
PR126,CG009,BR050
PR127,CG001,BR092
PR128,CG003,BR064
PR129,CG003,BR072
PR130,CG005,BR073
PR131,CG006,BR018
PR132,CG006,BR026
PR133,CG006,BR051
PR134,CG008,BR029
PR135,CG007,BR047
PR136,CG005,BR059
PR137,CG005,BR007
PR138,CG006,BR100
PR139,CG005,BR074
PR140,CG010,BR092
PR141,CG004,BR091
PR142,CG010,BR065
PR143,CG003,BR017
PR144,CG003,BR005
PR145,CG005,BR036
PR146,CG004,BR077
PR147,CG006,BR069
PR148,CG007,BR008
PR149,CG001,BR041
PR150,CG003,BR051
PR151,CG005,BR094
PR152,CG007,BR040
PR153,CG008,BR008
PR154,CG002,BR094
PR155,CG008,BR071
PR156,CG007,BR028
PR157,CG006,BR071
PR158,CG004,BR052
PR159,CG010,BR080
PR160,CG001,BR046
PR161,CG009,BR007
PR162,CG002,BR007
PR163,CG003,BR019
PR164,CG005,BR012
PR165,CG003,BR024
PR166,CG010,BR061
PR167,CG003,BR002
PR168,CG010,BR018
PR169,CG002,BR070
PR170,CG006,BR084
PR171,CG008,BR011
PR172,CG001,BR004
PR173,CG002,BR094
PR174,CG003,BR094
PR175,CG010,BR017
PR176,CG002,BR036
PR177,CG005,BR075
PR178,CG006,BR044
PR179,CG006,BR076
PR180,CG009,BR048
PR181,CG006,BR002
PR182,CG005,BR040
PR183,CG006,BR086
PR184,CG003,BR033
PR185,CG009,BR075
PR186,CG003,BR047
PR187,CG009,BR084
PR188,CG005,BR087
PR189,CG002,BR061
PR190,CG003,BR012
PR191,CG006,BR064
PR192,CG005,BR075
PR193,CG003,BR091
PR194,CG001,BR076
PR195,CG004,BR074
PR196,CG008,BR046
PR197,CG002,BR048
PR198,CG006,BR069
PR199,CG002,BR055
PR200,CG010,BR035
